2006.05.14 04:25:26,WorkletLaunched,4,ChangeToLargerVenue,,3
2006.05.14 10:04:24,WorkletLaunched,6,ChangeToLargerVenue,,5
2006.05.14 10:05:29,WorkletCompleted,6,ChangeToLargerVenue,,5
2006.05.14 11:09:28,WorkletLaunched,8,ChangeToLargerVenue,,7
2006.05.14 11:10:00,WorkletCompleted,8,ChangeToLargerVenue,,7
2006.05.14 11:18:10,WorkletLaunched,3,ChangeToLargerVenue,,2
2006.05.14 11:18:42,WorkletCompleted,3,ChangeToLargerVenue,,2
2006.05.17 01:06:17,CheckOutWorkItem,2.3,Casualty_Treatment,3_Treat,
2006.05.17 01:06:17,WorkletLaunched,3,TreatFever,,2.3
2006.05.17 01:07:08,WorkletCompleted,3,TreatFever,,2.3
2006.05.17 01:07:08,CheckInWorkItem,2.3,Casualty_Treatment,3_Treat,
2006.05.26 12:01:52,WorkletLaunched,3,ChangeToLargerVenue,,2
2006.05.26 12:02:42,WorkletCompleted,3,ChangeToLargerVenue,,2
2006.05.26 12:10:41,WorkletLaunched,3,ChangeToLargerVenue,,2
2006.05.26 12:11:16,WorkletCompleted,3,ChangeToLargerVenue,,2
2006.05.26 12:12:00,WorkletLaunched,4,CancelShow,,2
2006.05.26 12:12:11,WorkletCompleted,4,CancelShow,,2
2006.05.26 12:24:00,WorkletLaunched,6,ChangeToLargerVenue,,5
2006.05.26 12:24:27,WorkletCompleted,6,ChangeToLargerVenue,,5
2006.05.26 12:26:56,WorkletLaunched,3,ChangeToLargerVenue,,2
2006.05.26 12:27:24,WorkletCompleted,3,ChangeToLargerVenue,,2
2006.05.26 12:43:08,WorkletLaunched,3,CancelShow,,2
2006.05.26 12:43:41,WorkletCompleted,3,CancelShow,,2
2006.05.26 12:51:35,WorkletLaunched,3,ChangeToLargerVenue,,2
2006.05.26 12:52:09,WorkletCompleted,3,ChangeToLargerVenue,,2
2006.05.26 01:16:24,WorkletLaunched,3,ChangeToLargerVenue,,2
2006.05.26 01:16:56,WorkletCompleted,3,ChangeToLargerVenue,,2
2006.05.26 01:28:26,WorkletLaunched,3,ChangeToLargerVenue,,2
2006.05.26 01:28:51,WorkletCompleted,3,ChangeToLargerVenue,,2
2006.05.26 01:36:58,WorkletLaunched,3,ChangeToLargerVenue,,2
2006.05.26 01:37:20,WorkletCompleted,3,ChangeToLargerVenue,,2
2006.05.26 02:01:12,WorkletLaunched,5,OrganiseRefreshments,,4
2006.05.26 02:01:44,WorkletCompleted,5,OrganiseRefreshments,,4
2006.05.26 02:02:03,WorkletLaunched,6,ChangeToSmallVenue,,4
2006.05.26 02:02:21,WorkletCompleted,6,ChangeToSmallVenue,,4
2006.05.26 02:10:33,WorkletLaunched,3,ChangeToLargerVenue,,2
2006.05.26 02:11:52,WorkletCompleted,3,ChangeToLargerVenue,,2
2006.05.26 02:12:03,WorkletLaunched,4,OrganiseRefreshments,,2
2006.05.26 02:12:33,WorkletCompleted,4,OrganiseRefreshments,,2
2006.05.26 02:16:46,WorkletLaunched,6,OrganiseRefreshments,,5
2006.05.26 02:17:18,WorkletCompleted,6,OrganiseRefreshments,,5
2006.06.05 12:59:10,WorkletLaunched,10,SendReminder,,9
2006.06.05 01:01:55,WorkletCompleted,10,SendReminder,,9
2006.06.05 01:30:07,WorkletLaunched,12,SendReminder,,11
2006.06.05 03:00:19,WorkletLaunched,19,SendReminder,,18
2006.06.05 03:13:41,WorkletLaunched,21,SendReminder,,20
2006.06.05 03:16:47,WorkletLaunched,23,SendReminder,,22
2006.06.05 03:36:27,WorkletLaunched,25,SendReminder,,24
2006.06.05 03:37:49,WorkletCompleted,25,SendReminder,,24
2006.06.05 03:43:05,WorkletLaunched,27,SendReminder,,26
2006.06.05 03:43:31,WorkletCompleted,27,SendReminder,,26
2006.06.05 04:01:47,WorkletLaunched,3,SendReminder,,2
2006.06.05 04:02:11,WorkletCompleted,3,SendReminder,,2
2006.06.05 04:06:47,WorkletLaunched,5,SendReminder,,4
2006.06.05 04:07:10,WorkletCompleted,5,SendReminder,,4
2006.06.06 10:41:02,WorkletLaunched,3,SendReminder,,2
2006.06.06 10:42:48,WorkletCompleted,3,SendReminder,,2
2006.06.06 11:02:31,WorkletLaunched,5,SendReminder,,4
2006.06.06 11:02:59,WorkletCompleted,5,SendReminder,,4
2006.06.06 11:02:59,CheckOutWorkItem,4.3,TimeoutTest2,Receive_Payment_3,
2006.06.06 11:13:19,WorkletLaunched,7,SendReminder,,6
2006.06.06 11:13:46,WorkletCompleted,7,SendReminder,,6
2006.06.06 11:13:46,CheckOutWorkItem,6.3,TimeoutTest2,Receive_Payment_3,
2006.06.06 12:58:36,WorkletLaunched,3,SendReminder,,2
2006.06.06 12:59:18,WorkletLaunched,5,SendReminder,,4
2006.06.06 12:59:46,WorkletCompleted,5,SendReminder,,4
2006.06.06 12:59:46,CheckOutWorkItem,4.3,TimeoutTest2,Receive_Payment_3,
2006.06.06 01:03:05,WorkletLaunched,3,SendReminder,,2
2006.06.06 01:03:33,WorkletCompleted,3,SendReminder,,2
2006.06.06 01:03:34,CheckOutWorkItem,2.3,TimeoutTest2,Receive_Payment_3,
2006.06.06 01:12:13,WorkletLaunched,3,SendReminder,,2
2006.06.06 01:12:29,WorkletCompleted,3,SendReminder,,2
2006.06.06 01:12:29,CheckOutWorkItem,2.3,TimeoutTest2,Receive_Payment_3,
2006.06.06 01:16:28,WorkletLaunched,3,SendReminder,,2
2006.06.06 01:16:47,WorkletCompleted,3,SendReminder,,2
2006.06.06 01:16:47,CheckOutWorkItem,2.3,TimeoutTest2,Receive_Payment_3,
2006.06.06 01:25:29,WorkletLaunched,3,SendReminder,,2
2006.06.06 01:25:43,WorkletCompleted,3,SendReminder,,2
2006.06.06 01:25:43,CheckOutWorkItem,2.3,TimeoutTest2,Receive_Payment_3,
2006.06.06 01:29:26,WorkletLaunched,3,SendReminder,,2
2006.06.06 01:29:49,WorkletCompleted,3,SendReminder,,2
2006.06.06 01:29:49,CheckOutWorkItem,2.3,TimeoutTest2,Receive_Payment_3,
2006.06.06 01:31:44,WorkletLaunched,3,SendReminder,,2
2006.06.06 01:33:08,WorkletCompleted,3,SendReminder,,2
2006.06.06 01:33:08,CheckOutWorkItem,2.3,TimeoutTest2,Receive_Payment_3,
2006.06.06 01:35:50,WorkletLaunched,5,SendReminder,,4
2006.06.06 01:36:08,WorkletCompleted,5,SendReminder,,4
2006.06.06 01:36:08,CheckOutWorkItem,4.3,TimeoutTest2,Receive_Payment_3,
2006.06.06 01:45:54,WorkletLaunched,7,SendReminder,,6
2006.06.06 01:46:12,WorkletCompleted,7,SendReminder,,6
2006.06.06 01:46:12,CheckOutWorkItem,6.3,TimeoutTest2,Receive_Payment_3,
2006.06.06 02:23:57,WorkletLaunched,10,SendReminder,,9
2006.06.06 03:08:35,WorkletLaunched,12,SendReminder,,11
2006.06.06 03:08:59,WorkletLaunched,13,CancelOrder,,12
2006.06.06 03:09:33,WorkletCompleted,13,CancelOrder,,12
2006.06.06 05:14:23,WorkletLaunched,3,SendReminder,,2
2006.06.06 05:14:40,WorkletLaunched,4,CancelOrder,,3
2006.06.06 05:14:52,WorkletCompleted,3,SendReminder,,2
2006.06.06 05:16:20,WorkletCompleted,4,CancelOrder,,3
2006.06.06 05:23:14,CheckOutWorkItem,6.3,TimeoutTest2,Receive_Payment_3,
2006.06.06 05:36:47,CheckOutWorkItem,7.3,TimeoutTest2,Receive_Payment_3,
2006.06.07 09:56:23,CheckOutWorkItem,2.3,TimeoutTest2,Receive_Payment_3,
2006.06.07 10:31:25,CheckOutWorkItem,2.3,TimeoutTest2,Receive_Payment_3,
2006.06.07 10:40:10,CheckOutWorkItem,2.3,TimeoutTest2,Receive_Payment_3,
2006.06.07 11:29:09,CheckOutWorkItem,2.3,TimeoutTest2,Receive_Payment_3,
2006.06.07 12:49:51,CheckOutWorkItem,2.2,TestCancelItem,B_5,
2006.06.07 03:19:39,CheckOutWorkItem,1.3,TimeoutTest2,Receive_Payment_3,
2006.06.07 03:32:42,CheckOutWorkItem,2.3,Casualty_Treatment,3_Treat,
2006.06.07 03:32:42,WorkletLaunched,3,TreatFever,,2.3
2006.06.07 03:32:58,WorkletCompleted,3,TreatFever,,2.3
2006.06.07 03:32:59,CheckInWorkItem,2.3,Casualty_Treatment,3_Treat,
2006.06.07 03:40:49,WorkletLaunched,5,CancelShow,,4
2006.06.07 03:41:00,WorkletCompleted,5,CancelShow,,4
2006.06.07 04:14:28,CheckOutWorkItem,6.3,Casualty_Treatment,3_Treat,
2006.06.07 04:14:28,WorkletLaunched,7,TreatFever,,6.3
2006.06.07 04:14:40,WorkletCompleted,7,TreatFever,,6.3
2006.06.07 04:14:40,CheckInWorkItem,6.3,Casualty_Treatment,3_Treat,
2006.06.07 04:18:15,CheckOutWorkItem,8.3,TimeoutTest2,Receive_Payment_3,
2006.06.07 05:08:31,CheckOutWorkItem,9.3,TimeoutTest2,Receive_Payment_3,
2006.06.07 06:44:42,CheckOutWorkItem,1.3,TimeoutTest2,Receive_Payment_3,
2006.06.07 07:32:50,CheckOutWorkItem,1.3,TimeoutTest2,Receive_Payment_3,
2006.06.08 11:12:50,CheckOutWorkItem,1.3,TimeoutTest2,Receive_Payment_3,
2006.06.08 11:19:25,CheckOutWorkItem,2.3,TimeoutTest2,Receive_Payment_3,
2006.06.08 12:31:28,CheckOutWorkItem,1.3,TimeoutTest2,Receive_Payment_3,
2006.06.08 01:05:27,CheckOutWorkItem,2.3,TimeoutTest2,Receive_Payment_3,
2006.06.08 01:16:25,CheckOutWorkItem,3.3,Casualty_Treatment,3_Treat,
2006.06.08 01:16:25,WorkletLaunched,4,TreatFever,,3.3
2006.06.08 01:16:38,WorkletCompleted,4,TreatFever,,3.3
2006.06.08 01:16:38,CheckInWorkItem,3.3,Casualty_Treatment,3_Treat,
2006.06.08 02:38:40,CheckOutWorkItem,9.3,wListMaker,3_Verify_list,
2006.06.08 02:38:40,CheckOutWorkItem,9.2,wListMaker,3_Verify_list,
2006.06.08 02:38:40,CheckOutWorkItem,9.4,wListMaker,3_Verify_list,
2006.06.08 02:38:40,WorkletLaunched,10,BobTwo,,9.3
2006.06.08 02:38:40,WorkletLaunched,11,BobOne,,9.2
2006.06.08 02:38:41,WorkletLaunched,12,BobThree,,9.4
2006.06.08 02:39:28,WorkletCompleted,12,BobThree,,9.4
2006.06.08 02:39:28,CheckInWorkItem,9.4,wListMaker,3_Verify_list,
2006.06.08 02:39:33,WorkletCompleted,11,BobOne,,9.2
2006.06.08 02:39:33,CheckInWorkItem,9.2,wListMaker,3_Verify_list,
2006.06.08 02:39:36,WorkletCompleted,10,BobTwo,,9.3
2006.06.08 02:39:36,CheckInWorkItem,9.3,wListMaker,3_Verify_list,
2006.06.08 04:36:52,CheckOutWorkItem,16.3,Casualty_Treatment,3_Treat,
2006.06.08 04:36:52,WorkletLaunched,17,TreatRash,,16.3
2006.06.08 04:37:03,WorkletCompleted,17,TreatRash,,16.3
2006.06.08 04:37:03,CheckInWorkItem,16.3,Casualty_Treatment,3_Treat,
2006.06.08 04:46:14,CheckOutWorkItem,20.3,TimeoutTest2,Receive_Payment_3,
2006.06.08 04:50:53,WorkletLaunched,22,SendReminder,,21
2006.06.08 04:51:16,WorkletLaunched,23,CancelOrder,,22
2006.06.08 04:51:28,WorkletCompleted,23,CancelOrder,,22
2006.06.08 04:52:32,WorkletLaunched,25,ChangeToMidVenue,,24
2006.06.08 04:53:02,WorkletCompleted,25,ChangeToMidVenue,,24
2006.06.12 10:45:37,CheckOutWorkItem,29.3,Casualty_Treatment,3_Treat,
2006.06.12 10:45:38,WorkletLaunched,30,TreatFever,,29.3
2006.06.12 10:47:21,WorkletCompleted,30,TreatFever,,29.3
2006.06.12 10:47:21,CheckInWorkItem,29.3,Casualty_Treatment,3_Treat,
2006.06.20 09:23:00,CheckOutWorkItem,31.3,Casualty_Treatment,3_Treat,
2006.06.20 09:23:01,WorkletLaunched,32,TreatAbPain,,31.3
2006.06.20 09:31:11,CheckOutWorkItem,33.3,Casualty_Treatment,3_Treat,
2006.06.20 09:31:11,WorkletLaunched,34,TreatWound,,33.3
2006.06.20 09:32:03,WorkletCancelled,34,TreatWound,,33.3
2006.06.20 11:02:19,CheckOutWorkItem,1.3,Casualty_Treatment,3_Treat,
2006.06.20 11:02:20,WorkletLaunched,2,TreatRash,,1.3
2006.06.20 11:02:39,WorkletCancelled,2,TreatRash,,1.3
2006.06.21 05:09:15,CheckOutWorkItem,1.3,Casualty_Treatment,3_Treat,
2006.06.21 05:09:15,WorkletLaunched,2,TreatFever,,1.3
2006.06.21 05:37:12,CheckOutWorkItem,1.3,Casualty_Treatment,3_Treat,
2006.06.21 05:37:12,WorkletLaunched,2,TreatAbPain,,1.3
2006.06.21 05:46:18,CheckOutWorkItem,3.3,Casualty_Treatment,3_Treat,
2006.06.21 05:46:18,WorkletLaunched,4,TreatFever,,3.3
2006.06.22 10:07:04,CheckOutWorkItem,1.3,Casualty_Treatment,3_Treat,
2006.06.22 10:07:04,WorkletLaunched,2,TreatFracture,,1.3
2006.06.22 10:15:02,CheckOutWorkItem,3.3,Casualty_Treatment,3_Treat,
2006.06.22 10:15:02,WorkletLaunched,4,TreatRash,,3.3
2006.06.22 10:24:36,CheckOutWorkItem,5.3,Casualty_Treatment,3_Treat,
2006.06.22 10:24:37,WorkletLaunched,6,TreatAbPain,,5.3
2006.06.22 10:35:41,WorkletCancelled,6,TreatAbPain,,5.3
2006.06.22 10:37:41,CheckOutWorkItem,1.3,Casualty_Treatment,3_Treat,
2006.06.22 10:37:41,WorkletLaunched,2,TreatFever,,1.3
2006.06.22 10:46:34,CheckOutWorkItem,3.3,Casualty_Treatment,3_Treat,
2006.06.22 10:46:34,WorkletLaunched,4,TreatFever,,3.3
2006.06.22 10:51:56,CheckOutWorkItem,5.3,Casualty_Treatment,3_Treat,
2006.06.22 10:51:57,WorkletLaunched,6,TreatFever,,5.3
2006.06.22 10:56:52,WorkletCancelled,6,TreatFever,,5.3
2006.06.22 11:03:00,CheckOutWorkItem,1.3,Casualty_Treatment,3_Treat,
2006.06.22 11:03:01,WorkletLaunched,2,TreatFever,,1.3
2006.06.22 11:11:12,CheckOutWorkItem,3.3,Casualty_Treatment,3_Treat,
2006.06.22 11:11:13,WorkletLaunched,4,TreatAbPain,,3.3
2006.06.22 11:16:43,CheckOutWorkItem,1.3,Casualty_Treatment,3_Treat,
2006.06.22 11:16:43,WorkletLaunched,2,TreatFever,,1.3
2006.06.22 12:29:15,CheckOutWorkItem,1.3,Casualty_Treatment,3_Treat,
2006.06.22 12:29:15,WorkletLaunched,2,TreatFever,,1.3
2006.06.22 01:05:07,CheckOutWorkItem,1.3,Casualty_Treatment,3_Treat,
2006.06.22 01:05:07,WorkletLaunched,2,TreatFever,,1.3
2006.06.22 01:09:48,WorkletCancelled,2,TreatFever,,1.3
2006.06.22 01:12:56,CheckOutWorkItem,1.3,Casualty_Treatment,3_Treat,
2006.06.22 01:12:56,WorkletLaunched,2,TreatFever,,1.3
2006.06.22 04:39:14,CheckOutWorkItem,1.3,Casualty_Treatment,3_Treat,
2006.06.22 04:39:14,WorkletLaunched,2,TreatFracture,,1.3
2006.06.22 04:51:48,CheckOutWorkItem,1.3,Casualty_Treatment,3_Treat,
2006.06.22 04:51:48,WorkletLaunched,2,TreatFever,,1.3
2006.06.22 06:34:45,CheckOutWorkItem,1.3,Casualty_Treatment,3_Treat,
2006.06.22 06:34:45,WorkletLaunched,2,TreatFever,,1.3
2006.06.22 06:42:06,CheckOutWorkItem,1.3,Casualty_Treatment,3_Treat,
2006.06.22 06:42:07,WorkletLaunched,2,TreatFever,,1.3
2006.06.22 06:45:40,CheckOutWorkItem,1.3,Casualty_Treatment,3_Treat,
2006.06.22 06:45:41,WorkletLaunched,2,TreatFever,,1.3
2006.06.22 08:58:09,CheckOutWorkItem,1.3,Casualty_Treatment,3_Treat,
2006.06.22 08:58:10,WorkletLaunched,2,TreatAbPain,,1.3
2006.06.23 11:14:51,CheckOutWorkItem,1.3,Casualty_Treatment,3_Treat,
2006.06.23 11:14:51,WorkletLaunched,2,TreatFever,,1.3
2006.06.23 09:31:38,CheckOutWorkItem,1.3,Casualty_Treatment,3_Treat,
2006.06.23 09:31:39,WorkletLaunched,2,TreatFever,,1.3
2006.06.23 09:51:22,CheckOutWorkItem,3.3,Casualty_Treatment,3_Treat,
2006.06.23 09:51:23,WorkletLaunched,4,TreatFever,,3.3
2006.06.23 10:01:22,CheckOutWorkItem,1.3,Casualty_Treatment,3_Treat,
2006.06.23 10:01:22,WorkletLaunched,2,TreatFever,,1.3
2006.06.25 10:34:18,CheckOutWorkItem,3.3,Casualty_Treatment,3_Treat,
2006.06.25 10:34:18,WorkletLaunched,4,TreatFever,,3.3
2006.06.25 04:00:15,CheckOutWorkItem,1.3,Casualty_Treatment,3_Treat,
2006.06.25 04:00:15,WorkletLaunched,2,TreatFever,,1.3
2006.06.25 04:45:23,CheckOutWorkItem,1.3,Casualty_Treatment,3_Treat,
2006.06.25 04:45:23,WorkletLaunched,2,TreatFracture,,1.3
2006.06.25 05:27:56,CheckOutWorkItem,3.3,Casualty_Treatment,3_Treat,
2006.06.25 05:27:57,WorkletLaunched,4,TreatFever,,3.3
2006.06.25 05:30:14,CheckOutWorkItem,1.3,Casualty_Treatment,3_Treat,
2006.06.25 05:30:14,WorkletLaunched,2,TreatFever,,1.3
2006.06.25 05:58:29,CheckOutWorkItem,1.3,Casualty_Treatment,3_Treat,
2006.06.25 05:58:29,WorkletLaunched,2,TreatFever,,1.3
2006.06.25 05:59:20,WorkletCompleted,2,TreatFever,,1.3
2006.06.25 10:17:12,CheckOutWorkItem,3.3,Casualty_Treatment,3_Treat,
2006.06.25 10:17:12,WorkletLaunched,4,TreatFever,,3.3
2006.06.25 10:21:16,CheckOutWorkItem,1.3,Casualty_Treatment,3_Treat,
2006.06.25 10:21:16,WorkletLaunched,2,TreatAbPain,,1.3
2006.06.25 10:22:25,WorkletCompleted,2,TreatAbPain,,1.3
2006.06.25 10:39:10,CheckOutWorkItem,3.3,Casualty_Treatment,3_Treat,
2006.06.25 10:39:10,WorkletLaunched,4,TreatFever,,3.3
2006.06.25 11:26:29,CheckOutWorkItem,1.3,Casualty_Treatment,3_Treat,
2006.06.25 11:26:29,WorkletLaunched,2,TreatFever,,1.3
2006.06.25 11:35:53,WorkletCompleted,2,TreatFever,,1.3
2006.06.26 12:03:19,CheckOutWorkItem,1.3,Casualty_Treatment,3_Treat,
2006.06.26 12:03:20,WorkletLaunched,2,TreatFracture,,1.3
2006.06.26 12:04:21,WorkletCompleted,2,TreatFracture,,1.3
2006.06.26 12:18:07,CheckOutWorkItem,1.3,Casualty_Treatment,3_Treat,
2006.06.26 12:18:08,WorkletLaunched,2,TreatFever,,1.3
2006.06.26 12:19:22,WorkletCompleted,2,TreatFever,,1.3
2006.06.26 12:25:42,CheckOutWorkItem,1.3,Casualty_Treatment,3_Treat,
2006.06.26 12:25:42,WorkletLaunched,2,TreatRash,,1.3
2006.06.26 12:26:54,WorkletCompleted,2,TreatRash,,1.3
2006.06.26 12:26:54,CheckInWorkItem,1.3,Casualty_Treatment,3_Treat,
2006.06.26 10:29:59,CheckOutWorkItem,4.3,Casualty_Treatment,3_Treat,
2006.06.26 10:29:59,WorkletLaunched,5,TreatAbPain,,4.3
2006.06.26 10:31:54,WorkletCompleted,5,TreatAbPain,,4.3
2006.06.26 10:31:55,CheckInWorkItem,4.3,Casualty_Treatment,3_Treat,
2006.06.26 11:02:33,CheckOutWorkItem,6.3,Casualty_Treatment,3_Treat,
2006.06.26 11:02:33,WorkletLaunched,7,TreatFever,,6.3
2006.06.26 11:02:49,WorkletCompleted,7,TreatFever,,6.3
2006.06.26 11:02:49,CheckInWorkItem,6.3,Casualty_Treatment,3_Treat,
2006.06.26 11:14:11,CheckOutWorkItem,1.3,Casualty_Treatment,3_Treat,
2006.06.26 11:14:11,WorkletLaunched,2,TreatFever,,1.3
2006.06.26 12:50:40,CheckOutWorkItem,1.3,Casualty_Treatment,3_Treat,
2006.06.26 12:50:40,WorkletLaunched,2,TreatFever,,1.3
2006.06.26 03:09:46,CheckOutWorkItem,1.3,Casualty_Treatment,3_Treat,
2006.06.26 03:09:46,WorkletLaunched,2,TreatFever,,1.3
2006.06.26 03:36:55,CheckOutWorkItem,1.3,Casualty_Treatment,3_Treat,
2006.06.26 03:36:55,WorkletLaunched,2,TreatFever,,1.3
2006.06.26 03:41:10,WorkletCompleted,2,TreatFever,,1.3
2006.06.26 03:41:10,CheckInWorkItem,1.3,Casualty_Treatment,3_Treat,
2006.06.26 03:44:05,CheckOutWorkItem,1.3,Casualty_Treatment,3_Treat,
2006.06.26 03:44:05,WorkletLaunched,2,TreatFever,,1.3
2006.06.26 03:45:05,WorkletCompleted,2,TreatFever,,1.3
2006.06.26 03:45:05,CheckInWorkItem,1.3,Casualty_Treatment,3_Treat,
2006.06.26 09:37:17,CheckOutWorkItem,3.3,Casualty_Treatment,3_Treat,
2006.06.26 10:03:26,CheckOutWorkItem,4.3,Casualty_Treatment,3_Treat,
2006.06.26 10:06:30,CheckOutWorkItem,5.3,Casualty_Treatment,3_Treat,
2006.06.26 10:09:02,CheckOutWorkItem,7.3,Casualty_Treatment,3_Treat,
2006.06.26 10:09:03,WorkletLaunched,8,TreatAbPain,,7.3
2006.06.26 10:09:18,WorkletCompleted,8,TreatAbPain,,7.3
2006.06.26 10:09:18,CheckInWorkItem,7.3,Casualty_Treatment,3_Treat,
2006.06.26 10:09:48,CheckOutWorkItem,9.3,Casualty_Treatment,3_Treat,
2006.06.26 10:09:49,WorkletLaunched,10,TreatFever,,9.3
2006.06.26 10:09:56,WorkletCancelled,10,TreatFever,,9.3
2006.06.26 10:16:18,WorkletLaunched,12,ChangeToMidVenue,,11
2006.06.26 10:49:43,WorkletLaunched,2,ChangeToMidVenue,,1
2006.06.27 12:34:34,WorkletLaunched,2,ChangeToMidVenue,,1
2006.06.27 12:34:52,WorkletCompleted,2,ChangeToMidVenue,,1
2006.06.27 12:41:58,WorkletLaunched,4,ChangeToMidVenue,,3
2006.06.27 12:43:06,WorkletCompleted,4,ChangeToMidVenue,,3
2006.06.27 12:45:04,WorkletLaunched,2,ChangeToMidVenue,,1
2006.06.27 12:45:16,WorkletCompleted,2,ChangeToMidVenue,,1
2006.06.27 12:45:56,WorkletLaunched,4,ChangeToMidVenue,,3
2006.07.03 10:16:58,WorkletLaunched,2,ChangeToMidVenue,,1
2006.07.03 10:17:28,WorkletCompleted,2,ChangeToMidVenue,,1
2006.07.03 10:20:14,WorkletLaunched,4,ChangeToMidVenue,,3
2006.07.03 10:31:53,WorkletLaunched,6,ChangeToMidVenue,,5
2006.07.03 11:02:15,WorkletLaunched,8,ChangeToMidVenue,,7
2006.07.03 11:02:54,WorkletCompleted,8,ChangeToMidVenue,,7
2006.07.03 11:08:41,WorkletLaunched,10,ChangeToMidVenue,,9
2006.07.03 11:24:36,WorkletLaunched,2,ChangeToMidVenue,,1
2006.07.03 11:42:56,WorkletLaunched,2,ChangeToMidVenue,,1
